driverId,name,ssn,location,certified,wage-plan
10,William Evans,613-52-0600,"875 Ferguson Burg
East Toddfurt, VA 75436",Y,miles
11,Steven Clark,041-81-3547,"791 Courtney Summit Apt. 674
Isaacborough, PA 78291",N,hours
12,Lisa Smith,099-67-5923,"49530 Cassandra Gateway
Wallburgh, IL 32358",Y,hours
13,Scott Mcconnell,190-04-5822,"686 Tony Heights Apt. 939
Port Angela, AZ 87680",N,miles
14,David Ruiz,810-59-2845,"4976 Hood Keys Apt. 492
Port David, VT 82929",N,hours
15,Jacob Warren,371-28-9222,"334 Robert Dam Suite 560
Jonesmouth, MT 03022",N,hours
16,Jesus Sawyer,795-14-3019,"5836 Anna Crest Suite 489
West Brandy, MS 61199",Y,miles
17,Jesse Anderson,614-71-1787,"85885 Patrick Crossroad
Zacharyhaven, NJ 29588",N,miles
18,Jeffrey Wiggins PhD,872-75-8635,"9079 Bruce Drive
Port Ashleyville, DE 64847",N,hours
19,Krystal Lee,171-66-5728,"400 Cameron Summit Suite 778
Timothyhaven, AZ 62206",Y,hours
20,Tony Smith,087-08-3575,"4590 Cook Fields
South Aprilmouth, RI 42532",N,miles
21,Annette Morton,865-20-6264,"325 Philip Trace Apt. 414
West Caseyport, OR 83849",Y,hours
22,Julia Welch,321-60-8944,"700 Jason Mall
Perezbury, NY 60580",Y,hours
23,Dr. Kyle Castaneda,192-46-0277,"1089 Ferrell Freeway
North Kimberlyview, WY 09663",Y,hours
24,Katherine Anderson,601-37-5677,"8133 Berg Valleys Suite 908
West Linda, PW 40135",N,hours
25,Chris Humphrey,615-26-6733,"1830 Anderson Courts Apt. 933
Port Michael, GU 27358",N,miles
26,Sonia Baker,453-70-8594,"1889 Mason Springs
North Karaburgh, RI 46455",Y,miles
27,Mr. David Whitaker,517-32-4897,"33683 Smith Key
North Ambertown, TN 47212",Y,hours
28,Dr. Steven Lewis,668-35-2210,"1585 Kyle Forge Apt. 840
Port Samanthaville, WV 60053",Y,miles
29,Eric Murray,761-80-4869,"1011 Reeves Overpass
North David, IN 07677",N,miles
30,James Valentine MD,703-47-9060,"33564 Peter Drive Suite 374
Woodfort, MA 42710",Y,miles
31,Michael Conley,679-72-5953,"60869 Jeffrey Rue Suite 664
Jofort, GU 68159",N,miles
32,Jerry Adams,831-15-7143,"Unit 8128 Box 3313
DPO AP 79192",N,miles
33,Joseph Lane,395-81-4550,"2184 Elizabeth Gardens Suite 853
West Jessica, AL 79344",Y,hours
34,Susan Holder,386-24-9442,"814 Clark Mount Apt. 437
Jeffreyland, AZ 88665",N,hours
35,Erin Choi,443-45-5205,"142 Betty Mountains
Vazquezfurt, PR 70962",Y,hours
36,Maria Sanders,471-92-3473,"90855 Jacqueline Islands Suite 858
Wilkersonborough, IN 33514",Y,miles
37,Victoria Alexander,728-94-6759,"93012 Katelyn Fall Apt. 661
Port Alexander, PW 46096",N,hours
38,Jill Barrett,706-59-5330,"113 Johnson Tunnel Suite 461
Copelandport, NY 96193",N,hours
39,Caroline Carson,365-93-7970,"460 Jose Shores Suite 201
South Lisaport, MS 45658",Y,miles
40,Howard Estrada,178-94-9163,"99357 Sean Flats Apt. 953
Huntberg, KS 81658",Y,miles
41,Darlene Torres,239-79-7400,"Unit 2274 Box 7121
DPO AA 00632",N,miles
42,Kathryn Meadows,770-07-0372,"48673 Collins Row Suite 686
Wrightport, AZ 88937",N,hours
43,Ashley Pope,412-37-1617,"8752 Rachel Viaduct Suite 420
Michealstad, WY 33968",N,hours
44,Angela Franco,494-09-3565,"0227 King Mission
Port Stephen, TX 41975",N,hours
45,Barbara Thompson,085-99-6750,"18172 Clarke Square Apt. 886
Annhaven, OK 57047",N,hours
46,Wendy Torres,853-75-0104,"08326 Marilyn Mall
Tuckermouth, CT 07840",Y,miles
47,Ian Adams,038-37-3038,"47641 Jonathan Fords
Port Carlos, PR 26794",N,miles
48,Brittany Hughes,544-94-0209,"357 Betty Squares Suite 569
East Tammytown, IL 88369",N,miles
49,Robert Mercer,888-95-7490,"8988 Hernandez Heights
Lake Lorraine, ND 94721",N,miles
50,Michael Green,125-04-0411,"00851 Love Gardens Apt. 044
Vincentfort, CA 20325",Y,hours
51,Hannah Martin,318-84-6819,"3854 Neal Squares
East Leslieville, UT 09434",N,hours
52,James Beasley,255-35-3185,"209 Sandra Expressway
Lake Peterchester, AR 64107",Y,miles
53,Breanna Norman,512-74-5693,"722 Lindsay Inlet Apt. 721
Nashberg, OR 14602",N,miles
54,Margaret Rodriguez,056-58-8169,"46980 Colin Throughway
Beckview, WA 40997",N,hours
55,Brandi Turner,852-94-7094,"818 Miller Crest Suite 655
New Shelleystad, CO 02203",Y,hours
56,Matthew Perez,728-38-1341,"406 Katie Place Apt. 625
New Joannmouth, RI 69838",N,miles
57,Bob Smith,204-38-6376,"PSC 9830, Box 4266
APO AA 01660",N,miles
58,Theresa Gray,371-33-9016,"5662 Steven Isle
Morganmouth, WY 33408",Y,hours
59,Wendy Smith,879-14-4046,"8242 Nicholas Stream Apt. 191
South Logan, NH 20075",Y,miles
60,Curtis Johnson,353-40-4017,"97705 Emily Harbor
South Davidstad, LA 77645",N,hours
61,Samantha Stone,270-73-5552,"60203 Michael Vista
Cassandrabury, NE 21930",N,hours
62,Michele Williams,543-43-9610,"954 Lamb Passage
East Linda, SC 65660",N,hours
63,Casey Sandoval,320-48-5722,"881 Edwards Meadow Apt. 772
Eugenechester, MI 96755",N,hours
64,Richard Hill,086-92-4738,"8847 Frank Parks Apt. 709
Huynhmouth, CA 62666",Y,hours
65,Taylor Payne,633-80-0488,"8231 Young Alley Apt. 664
East Jamieland, WI 43277",Y,hours
66,Megan Diaz,672-77-4984,"37504 Friedman Shoal Apt. 541
Joannaberg, AS 81891",Y,miles
67,Jacqueline Mcconnell,647-51-6533,"343 Tyler Bypass Apt. 306
Port Nathan, MO 34114",N,miles
68,George Williams,646-92-7604,"PSC 2339, Box 5172
APO AA 50598",N,hours
69,David Wallace,667-42-2067,"0632 Erin Passage Suite 993
Dianemouth, MA 68414",N,miles
70,Michelle Castro,447-77-3360,"113 Kristen Pine
Paulhaven, DE 67787",Y,hours
71,Kathryn Johnson,234-14-7369,"443 Robert Fort Suite 370
Lorettaborough, NY 23560",Y,hours
72,Michael Hughes,669-74-6567,"8766 Jason Green
Bobbyville, TX 54122",Y,hours
73,Jesse Martin,603-62-1744,"4936 Gonzalez Wall Suite 899
Christopherstad, CA 35186",N,hours
74,Jo Park,776-28-2178,"920 Jessica Rapid
Sylviaville, WY 28776",Y,miles
75,Gregory White,474-97-3251,"USS Warren
FPO AA 64594",N,hours
76,Dennis Mills,347-69-2326,"2839 Caitlin Vista
South Briannabury, NJ 36823",Y,hours
77,Albert Johnston,812-82-3013,"23372 Yoder Square Suite 159
East Barbaraborough, MD 17672",Y,miles
78,Jessica Cain,479-36-7963,"7226 Pena Expressway
New Robert, HI 34146",Y,miles
79,Christine Young,339-50-2628,"982 Smith Pine
Lake Lauraport, MH 90531",Y,hours
80,Jamie Clark,634-69-1823,"946 Erika Common
East Sara, MA 17091",Y,miles
81,Tracy Johnson,816-01-0027,"093 Jeffrey Street Suite 664
Stevensland, MN 03313",N,miles
82,Bradley Lewis,505-89-9256,"363 Autumn Cliff
Benjaminstad, ME 13416",N,miles
83,Morgan Williams,032-73-9041,"93418 Daryl Trace Apt. 996
Chapmanstad, MP 62832",Y,miles
84,Ryan Rodriguez,098-30-7787,"5128 Gary Ports
Stevensfurt, VT 12706",Y,miles
85,Tina Santos,311-40-7885,"06757 Amanda Parks Apt. 516
Rangelstad, IA 55452",Y,miles
86,Cynthia Stanley,104-14-5796,"637 Hernandez Crest Suite 577
Gamblefurt, ME 51640",N,miles
87,Donna Wilson,430-98-0367,"4780 Little Locks Apt. 655
Gonzalezmouth, UT 34145",Y,miles
88,Sheri Ortiz MD,615-81-7442,"20244 Casey Mill Suite 825
North Tyrone, HI 16901",N,miles
89,Joseph Leonard,336-61-2366,"96450 Green Mountains
Lake Mark, PA 07964",Y,hours
90,Heather Burns,852-67-0156,"2993 Samantha Springs Apt. 462
West Jeremyborough, KY 71997",Y,hours
91,Dr. Chad Watts,182-97-8037,"713 Natasha Alley Suite 344
Lake Raymondland, NH 87940",Y,hours
92,Richard Shepherd,842-43-0320,"5115 John Haven
East Troy, MN 60180",N,miles
93,Brenda Potts,314-98-6231,"52438 Dorsey Lake
Olsentown, VT 06245",N,miles
94,Dr. Morgan Fox MD,145-78-1184,"298 Denise Stream Apt. 351
West Lindsay, WV 94780",N,hours
95,Brian Vasquez,557-45-7065,"4746 Joan Courts Apt. 261
Johnchester, LA 51021",Y,hours
96,Caroline Garcia,512-89-8375,"78120 Michael Valleys
Jerrychester, VT 05565",Y,miles
97,Christopher Mcmillan,372-28-3305,"916 Michael Stravenue
West Derekfort, AR 83705",N,hours
98,Wesley Ramsey,731-77-1426,"867 Rose Walks
South Kenneth, MT 91343",N,hours
99,Julie Cox,192-35-1647,"0085 Jensen Bypass Suite 881
West Patricia, NC 74417",Y,hours
100,Mary York,766-41-3865,"48684 Kenneth Divide
Elizabethhaven, WV 50064",N,hours
101,Brandon Erickson,155-24-5343,"PSC 7156, Box 2504
APO AA 97894",Y,hours
102,Nicole Miller,143-06-3192,"929 Claudia Roads
Kentport, MH 00720",Y,miles
103,Tina Ramsey,160-83-9779,"636 Matthew Glen Suite 445
Wesleyborough, MH 63851",N,hours
104,Elizabeth May,690-70-1932,"889 Zachary Keys Suite 910
Hernandezland, KY 23260",N,miles
105,Shannon Woods,702-83-0087,"1595 Adrienne Stravenue
North Rayburgh, VI 23404",N,hours
106,Melissa Moore,794-55-5254,"9580 Austin Square Suite 239
Smithshire, CO 81251",N,hours
107,Kathy Baxter,102-16-8589,"590 Tamara Roads Apt. 702
New David, KY 81970",N,miles
108,Amber Vance,667-95-3580,"4987 Rodney Estates Suite 049
Jacksonmouth, MT 47380",Y,miles
109,Lee Chavez,072-98-4511,"29819 Mccarthy Row Apt. 768
West Keith, MA 03628",Y,miles
